                  epoch,         train/box_loss,         train/cls_loss,         train/dfl_loss,   metrics/precision(B),      metrics/recall(B),       metrics/mAP50(B),    metrics/mAP50-95(B),           val/box_loss,           val/cls_loss,           val/dfl_loss,                 lr/pg0,                 lr/pg1,                 lr/pg2
                      0,                 1.1765,                 3.0773,                 1.1379,                0.99035,                0.32589,                0.49363,                0.32963,                0.96362,                 3.1266,                 1.1088,                0.07075,                0.00325,                0.00325
                      1,                0.97181,                 1.3387,                0.99485,                      1,                0.20729,                0.70188,                0.46559,                 1.0562,                 2.8305,                 1.1864,               0.040717,              0.0065507,              0.0065507
                      2,                 1.0276,                 1.2532,                 1.0188,                0.47881,                0.47728,                0.48267,                0.26949,                 1.2729,                 2.6728,                 1.2824,               0.010652,              0.0098185,              0.0098185
                      3,                 1.0194,                 1.1697,                 1.0197,                0.55926,                0.62284,                0.66309,                0.37352,                 1.2632,                 2.0259,                 1.2709,              0.0098515,              0.0098515,              0.0098515
                      4,                 1.0005,                  1.129,                 1.0341,                0.47469,                 0.5789,                 0.5133,                 0.2608,                 1.5163,                 2.4567,                 1.4825,              0.0098515,              0.0098515,              0.0098515
                      5,                0.98602,                 1.0132,                 1.0127,                0.57452,                0.42034,                0.45921,                 0.2624,                   1.46,                 2.7385,                 1.5011,               0.009802,               0.009802,               0.009802
                      6,                0.97788,                0.95243,                 1.0138,                0.43357,                0.38829,                0.41258,                0.21951,                   1.75,                 2.7884,                 1.6947,              0.0097525,              0.0097525,              0.0097525
                      7,                0.90521,                0.93405,                 1.0107,                0.77704,                0.48916,                0.52003,                0.31963,                 1.4554,                  2.242,                 1.4319,               0.009703,               0.009703,               0.009703
                      8,                0.93355,                0.88044,                 1.0115,                0.53941,                0.41761,                0.49882,                0.28051,                 1.5516,                 2.3731,                 1.5571,              0.0096535,              0.0096535,              0.0096535
                      9,                0.90422,                0.83783,                 1.0011,                0.58546,                0.46369,                0.53506,                0.31806,                 1.5488,                 2.0796,                 1.5312,               0.009604,               0.009604,               0.009604
                     10,                0.88569,                0.79145,                 1.0035,                0.64019,                0.60115,                0.58633,                0.35163,                 1.4949,                 1.8602,                 1.4338,              0.0095545,              0.0095545,              0.0095545
                     11,                0.87743,                0.76584,                0.99294,                0.62547,                0.49604,                0.46286,                 0.2479,                 1.6768,                 2.4838,                 1.6041,               0.009505,               0.009505,               0.009505
                     12,                  0.866,                0.75798,                0.99082,                0.45338,                0.46078,                 0.4423,                0.24476,                 1.7767,                  2.586,                  1.639,              0.0094555,              0.0094555,              0.0094555
                     13,                0.84191,                 0.7247,                0.98543,                 0.7627,                0.53301,                0.56895,                0.35521,                  1.736,                 1.8512,                 1.6223,               0.009406,               0.009406,               0.009406
                     14,                 0.8201,                0.72352,                0.97421,                0.90661,                0.44872,                 0.4962,                0.29391,                 1.6362,                 2.6432,                 1.5191,              0.0093565,              0.0093565,              0.0093565
                     15,                0.84284,                 0.6906,                0.98233,                0.76799,                0.54761,                0.62523,                0.33616,                 1.7594,                 1.6962,                 1.6596,               0.009307,               0.009307,               0.009307
                     16,                0.81626,                0.66021,                0.96848,                0.69126,                0.48906,                0.55566,                0.35317,                 1.5975,                 2.0256,                 1.5878,              0.0092575,              0.0092575,              0.0092575
                     17,                0.80482,                0.65967,                0.96772,                0.61811,                0.46521,                0.52963,                0.33356,                 1.5438,                  2.396,                 1.4707,               0.009208,               0.009208,               0.009208
                     18,                0.82471,                0.67278,                0.97559,                0.47088,                0.46795,                0.52032,                0.34459,                  1.512,                 2.3708,                 1.4758,              0.0091585,              0.0091585,              0.0091585
                     19,                0.78494,                0.64009,                0.97558,                0.95985,                0.44049,                0.50276,                0.33367,                 1.5219,                 2.5816,                 1.5536,               0.009109,               0.009109,               0.009109
                     20,                0.77793,                0.61294,                0.96252,                0.45211,                0.42363,                0.48305,                0.30798,                 1.4898,                 2.5543,                 1.4724,              0.0090595,              0.0090595,              0.0090595
                     21,                0.79387,                0.61906,                0.96114,                0.92005,                0.48527,                0.53986,                0.34004,                 1.5472,                 2.5728,                 1.5112,                0.00901,                0.00901,                0.00901
                     22,                0.78086,                 0.6156,                 0.9651,                0.76439,                 0.4935,                0.56593,                0.33467,                 1.6226,                 2.3412,                 1.5153,              0.0089605,              0.0089605,              0.0089605
                     23,                0.75979,                0.58784,                0.95548,                0.83871,                0.48812,                0.61588,                0.39997,                 1.4319,                 2.2326,                 1.3786,               0.008911,               0.008911,               0.008911
                     24,                0.75768,                0.59213,                0.95548,                0.75026,                0.46977,                0.55468,                0.32267,                  1.488,                 2.5423,                 1.4495,              0.0088615,              0.0088615,              0.0088615
                     25,                0.74704,                0.57767,                0.95084,                0.75435,                0.50681,                0.59008,                0.35125,                  1.759,                  2.259,                 1.6698,               0.008812,               0.008812,               0.008812
                     26,                0.77061,                0.58963,                0.95068,                0.63845,                0.59285,                0.62924,                0.38977,                 1.4861,                 1.6324,                 1.4968,              0.0087625,              0.0087625,              0.0087625
                     27,                0.73884,                0.56927,                0.94757,                0.63199,                0.50924,                0.54015,                0.34334,                 1.4788,                 2.4353,                 1.4577,               0.008713,               0.008713,               0.008713
                     28,                0.73373,                 0.5701,                0.94857,                0.40093,                0.44231,                0.49144,                0.30448,                 1.6104,                 2.4726,                 1.4588,              0.0086635,              0.0086635,              0.0086635
                     29,                0.72545,                0.55982,                0.93665,                0.66609,                0.63433,                0.64051,                0.40583,                 1.5059,                 1.7042,                 1.4769,               0.008614,               0.008614,               0.008614
                     30,                0.72904,                0.55167,                0.94353,                 0.5624,                  0.507,                0.51096,                0.32241,                 1.5133,                 2.3511,                 1.4479,              0.0085645,              0.0085645,              0.0085645
                     31,                0.73306,                0.55548,                0.94247,                0.93408,                0.46154,                0.54918,                0.37153,                 1.4142,                 2.5707,                 1.3597,               0.008515,               0.008515,               0.008515
                     32,                0.74717,                0.55056,                0.96611,                 0.5735,                0.48525,                0.54532,                0.36328,                 1.3312,                 2.4892,                 1.3302,              0.0084655,              0.0084655,              0.0084655
                     33,                0.73099,                0.54318,                0.94746,                0.77892,                0.55882,                0.61985,                0.43697,                 1.2715,                 2.1545,                 1.3129,               0.008416,               0.008416,               0.008416
                     34,                0.71375,                 0.5398,                 0.9361,                0.62126,                0.61859,                0.61061,                0.38601,                 1.6724,                 1.7688,                  1.599,              0.0083665,              0.0083665,              0.0083665
                     35,                0.71213,                0.54466,                0.93938,                0.95985,                0.44056,                0.52299,                0.35653,                 1.4372,                 2.6559,                 1.4186,               0.008317,               0.008317,               0.008317
                     36,                0.71125,                0.53274,                 0.9455,                  0.616,                0.50774,                0.48349,                0.28413,                 1.6733,                 2.8303,                 1.5593,              0.0082675,              0.0082675,              0.0082675
                     37,                0.70744,                0.53175,                0.93632,                0.56288,                0.51933,                0.50485,                 0.3065,                 1.7336,                 2.7409,                 1.6393,               0.008218,               0.008218,               0.008218
                     38,                0.70124,                0.52989,                0.94009,                0.68114,                  0.546,                0.61923,                0.40218,                  1.419,                 2.0831,                 1.3915,              0.0081685,              0.0081685,              0.0081685
                     39,                0.71363,                0.53914,                0.95607,                0.77434,                0.55882,                0.66043,                0.41846,                 1.3552,                 2.0051,                 1.3234,               0.008119,               0.008119,               0.008119
                     40,                0.70393,                0.52217,                0.94037,                0.61486,                0.54424,                 0.5693,                0.35595,                  1.502,                  2.321,                 1.4146,              0.0080695,              0.0080695,              0.0080695
                     41,                0.67977,                0.49671,                0.91835,                0.93658,                0.44231,                0.49326,                0.33764,                 1.6783,                 2.7343,                 1.5919,                0.00802,                0.00802,                0.00802
                     42,                0.70096,                0.51512,                0.94122,                0.68187,                0.60756,                0.67293,                 0.4452,                 1.4324,                  1.943,                 1.4145,              0.0079705,              0.0079705,              0.0079705
                     43,                0.67105,                0.49953,                0.92432,                0.69488,                0.61397,                0.71404,                0.48105,                 1.3036,                 1.8805,                 1.2879,               0.007921,               0.007921,               0.007921
                     44,                0.68613,                0.50453,                0.92774,                0.52699,                0.60548,                0.60897,                0.41842,                 1.2397,                 1.9813,                 1.2808,              0.0078715,              0.0078715,              0.0078715
                     45,                0.68345,                0.50025,                0.92976,                0.57105,                0.47364,                0.52175,                0.36645,                 1.4614,                 2.3888,                 1.4288,               0.007822,               0.007822,               0.007822
                     46,                0.68035,                0.50012,                0.92978,                0.68207,                 0.5069,                0.55452,                0.36241,                 1.4975,                 2.3932,                 1.4621,              0.0077725,              0.0077725,              0.0077725
                     47,                0.67089,                0.48162,                0.92408,                0.96559,                0.43364,                0.55959,                0.38996,                 1.4477,                 2.5765,                  1.372,               0.007723,               0.007723,               0.007723
                     48,                0.65982,                0.47962,                0.92155,                0.95899,                0.45513,                0.53889,                0.37437,                 1.3925,                 2.7766,                 1.3359,              0.0076735,              0.0076735,              0.0076735
                     49,                0.66216,                0.49024,                0.92614,                0.77959,                0.49274,                0.58253,                0.39457,                 1.4086,                 2.1472,                  1.404,               0.007624,               0.007624,               0.007624
                     50,                0.67652,                0.47972,                0.92962,                0.61104,                0.55589,                0.59065,                0.39414,                 1.3521,                 2.2783,                 1.3124,              0.0075745,              0.0075745,              0.0075745
                     51,                 0.6442,                0.47097,                0.91921,                0.68615,                0.51478,                0.56147,                 0.3576,                 1.5135,                 2.5788,                 1.4766,               0.007525,               0.007525,               0.007525
                     52,                 0.6489,                0.47907,                0.91869,                0.74964,                0.53353,                0.64503,                0.41804,                 1.4146,                  2.157,                 1.3688,              0.0074755,              0.0074755,              0.0074755
                     53,                0.65492,                0.47912,                0.92412,                0.56529,                0.51933,                0.61486,                0.38701,                 1.5797,                 2.3116,                  1.468,               0.007426,               0.007426,               0.007426
                     54,                0.63919,                0.46414,                 0.9155,                0.62744,                0.55882,                0.62382,                 0.4124,                 1.3787,                 1.9681,                 1.3552,              0.0073765,              0.0073765,              0.0073765
                     55,                0.65237,                 0.4724,                0.91913,                0.69195,                0.55515,                0.63779,                0.40167,                 1.4303,                 1.7603,                 1.4149,               0.007327,               0.007327,               0.007327
                     56,                 0.6526,                0.45959,                0.91419,                 0.9261,                0.47436,                0.54408,                0.34583,                 1.5753,                 2.4801,                 1.5233,              0.0072775,              0.0072775,              0.0072775
                     57,                0.63125,                 0.4601,                0.92209,                0.92312,                0.44872,                0.54792,                0.36913,                 1.4368,                 2.7628,                 1.4537,               0.007228,               0.007228,               0.007228
                     58,                0.65396,                0.46252,                0.92198,                0.69063,                0.50819,                  0.564,                0.38328,                 1.4426,                 2.5498,                 1.4195,              0.0071785,              0.0071785,              0.0071785
                     59,                0.64966,                0.46937,                0.91357,                0.67139,                0.52206,                0.56954,                0.36932,                 1.3149,                 2.5406,                 1.3492,               0.007129,               0.007129,               0.007129
                     60,                0.63739,                0.45258,                0.90926,                0.79346,                  0.523,                0.62648,                0.39469,                 1.3302,                 2.3731,                 1.3578,              0.0070795,              0.0070795,              0.0070795
                     61,                0.62815,                0.45284,                0.91134,                0.71988,                0.57205,                0.65519,                0.41814,                 1.3698,                 1.9453,                 1.3445,                0.00703,                0.00703,                0.00703
                     62,                 0.6213,                0.44691,                0.90238,                0.83005,                0.67619,                0.72511,                0.48106,                 1.2726,                 1.4174,                 1.3573,              0.0069805,              0.0069805,              0.0069805
                     63,                0.62603,                0.45179,                 0.9084,                0.77783,                0.58777,                0.70957,                0.48607,                 1.2711,                 1.6807,                 1.3491,               0.006931,               0.006931,               0.006931
                     64,                0.62077,                0.44634,                0.90323,                 0.7549,                0.55018,                0.67696,                0.47697,                 1.2925,                 2.0602,                 1.3022,              0.0068815,              0.0068815,              0.0068815
                     65,                0.61505,                0.43683,                0.90538,                0.66409,                0.51565,                0.60505,                0.39808,                 1.4404,                 2.3523,                 1.3382,               0.006832,               0.006832,               0.006832
                     66,                0.60632,                0.43159,                 0.9033,                0.61944,                0.54822,                 0.6007,                0.39776,                 1.5232,                 2.2099,                 1.4161,              0.0067825,              0.0067825,              0.0067825
                     67,                0.62241,                0.43603,                0.91136,                0.55163,                0.52249,                0.58647,                0.38496,                 1.4351,                 2.3822,                 1.3539,               0.006733,               0.006733,               0.006733
                     68,                0.61811,                 0.4382,                0.89771,                0.45524,                0.45638,                0.52602,                 0.3521,                 1.6152,                 2.6774,                 1.4752,              0.0066835,              0.0066835,              0.0066835
                     69,                0.60498,                 0.4307,                0.90903,                0.66518,                0.58148,                0.63323,                0.42466,                  1.377,                 2.1444,                 1.3698,               0.006634,               0.006634,               0.006634
                     70,                0.62008,                0.43387,                0.91226,                0.59594,                0.49453,                 0.6191,                 0.4358,                 1.3407,                 2.4429,                 1.3093,              0.0065845,              0.0065845,              0.0065845
                     71,                0.60067,                0.42908,                0.90318,                0.71764,                0.52762,                0.58935,                0.42432,                 1.3743,                 2.2778,                 1.3607,               0.006535,               0.006535,               0.006535
                     72,                0.59865,                0.42207,                0.90066,                0.68741,                0.55156,                0.57801,                0.41109,                 1.2915,                  1.761,                 1.3254,              0.0064855,              0.0064855,              0.0064855
                     73,                0.59412,                0.42214,                0.89123,                0.69346,                0.68303,                0.69647,                0.48799,                 1.2363,                 1.5367,                 1.3055,               0.006436,               0.006436,               0.006436
                     74,                0.59067,                0.42462,                0.89415,                0.71187,                0.64189,                0.71494,                0.49782,                 1.2843,                 1.6618,                 1.3102,              0.0063865,              0.0063865,              0.0063865
                     75,                0.59672,                 0.4307,                0.89929,                0.71532,                0.50799,                0.54638,                0.38437,                 1.4068,                 2.4337,                 1.4098,               0.006337,               0.006337,               0.006337
                     76,                 0.5944,                0.42275,                0.90382,                0.41631,                0.41454,                0.43636,                0.31994,                 1.3438,                 3.0245,                 1.3301,              0.0062875,              0.0062875,              0.0062875
                     77,                0.59079,                0.41747,                0.89788,                 0.6762,                0.51942,                0.58224,                0.38812,                 1.4207,                 2.3718,                  1.366,               0.006238,               0.006238,               0.006238
                     78,                0.57073,                0.41292,                0.89876,                0.64507,                0.53592,                  0.577,                0.39571,                 1.3505,                 2.1371,                 1.3616,              0.0061885,              0.0061885,              0.0061885
                     79,                0.58463,                0.40807,                0.90404,                0.48728,                0.54506,                0.53384,                0.35432,                 1.5021,                 2.4468,                 1.4819,               0.006139,               0.006139,               0.006139
                     80,                0.59133,                0.42026,                0.89896,                0.46399,                0.41299,                 0.4972,                0.34216,                 1.4373,                 2.8675,                 1.4022,              0.0060895,              0.0060895,              0.0060895
                     81,                0.58705,                0.41329,                0.89816,                0.93929,                0.46389,                0.52959,                0.36815,                 1.4265,                 2.7499,                 1.3975,                0.00604,                0.00604,                0.00604
                     82,                0.58758,                0.42048,                0.90002,                0.44308,                0.45513,                0.54445,                0.35602,                 1.5402,                 2.6098,                 1.4573,              0.0059905,              0.0059905,              0.0059905
                     83,                0.57125,                0.41083,                0.89854,                0.71971,                  0.546,                0.60148,                0.39736,                  1.397,                  1.916,                 1.3785,               0.005941,               0.005941,               0.005941
                     84,                0.58222,                0.41086,                0.90061,                0.59854,                0.55703,                 0.5879,                0.39598,                 1.3734,                 2.2676,                 1.3469,              0.0058915,              0.0058915,              0.0058915
                     85,                0.57345,                0.40323,                 0.8957,                0.56752,                0.45239,                0.54392,                0.38438,                 1.4141,                 2.7013,                 1.3876,               0.005842,               0.005842,               0.005842
                     86,                0.56668,                0.40121,                0.89664,                0.67729,                0.58459,                0.63951,                0.44491,                 1.2621,                 1.9309,                 1.3045,              0.0057925,              0.0057925,              0.0057925
                     87,                0.54419,                 0.3874,                0.88506,                0.69824,                0.44808,                0.55576,                0.37562,                 1.3927,                 2.5525,                 1.3268,               0.005743,               0.005743,               0.005743
                     88,                0.56813,                0.40588,                 0.8905,                0.95262,                0.41026,                0.55338,                0.36614,                 1.3764,                 2.6496,                 1.3392,              0.0056935,              0.0056935,              0.0056935
                     89,                0.55432,                0.39273,                0.88662,                 0.6228,                0.54318,                0.58928,                 0.4146,                 1.4155,                 2.1534,                 1.3785,               0.005644,               0.005644,               0.005644
                     90,                0.56535,                 0.3946,                0.89062,                0.56121,                0.55618,                0.58679,                0.37435,                  1.474,                 2.0383,                 1.4164,              0.0055945,              0.0055945,              0.0055945
                     91,                0.55778,                0.39458,                0.88473,                0.73992,                0.53874,                 0.6314,                0.43322,                 1.4209,                 2.0341,                 1.3743,               0.005545,               0.005545,               0.005545
                     92,                0.57125,                0.39764,                 0.8955,                0.68382,                0.48822,                0.60841,                0.43693,                 1.3508,                 2.2611,                 1.3705,              0.0054955,              0.0054955,              0.0054955
                     93,                0.56093,                0.39839,                0.88608,                0.61604,                0.55984,                0.63733,                 0.4423,                 1.3275,                 1.9169,                 1.3335,               0.005446,               0.005446,               0.005446
                     94,                0.55336,                 0.3854,                0.88792,                0.79713,                0.52027,                  0.606,                0.41577,                 1.3155,                 2.1679,                 1.3381,              0.0053965,              0.0053965,              0.0053965
                     95,                0.54168,                0.38495,                0.88526,                0.46422,                0.42308,                0.55754,                0.39488,                 1.3831,                 2.8205,                 1.3238,               0.005347,               0.005347,               0.005347
                     96,                0.55632,                0.38967,                0.88857,                0.71711,                0.53652,                0.61412,                0.41357,                 1.4139,                 2.1395,                 1.3944,              0.0052975,              0.0052975,              0.0052975
                     97,                0.56345,                0.39381,                0.88573,                0.59638,                0.57551,                 0.6169,                0.40707,                 1.3166,                 2.1462,                 1.3469,               0.005248,               0.005248,               0.005248
                     98,                0.55267,                0.37894,                0.88789,                0.80296,                0.47351,                0.56156,                0.39342,                 1.3551,                 2.4711,                 1.3052,              0.0051985,              0.0051985,              0.0051985
                     99,                0.54183,                0.37622,                0.88132,                0.53665,                0.53253,                0.55938,                0.42183,                 1.2532,                 2.2704,                   1.27,               0.005149,               0.005149,               0.005149
                    100,                0.53785,                0.37823,                0.88117,                0.58414,                0.47624,                0.54158,                0.38896,                 1.3925,                 2.6729,                 1.3733,              0.0050995,              0.0050995,              0.0050995
                    101,                0.55627,                0.38721,                0.89158,                0.42333,                0.45513,                0.48246,                0.34146,                 1.4911,                 3.2228,                 1.4485,                0.00505,                0.00505,                0.00505
                    102,                0.53922,                 0.3848,                0.88124,                0.93795,                0.45513,                 0.4834,                0.34106,                 1.5334,                 3.1697,                 1.4912,              0.0050005,              0.0050005,              0.0050005
                    103,                0.53794,                 0.3861,                0.88749,                0.91945,                0.43394,                0.43351,                 0.2994,                 1.5092,                 3.2154,                 1.4811,               0.004951,               0.004951,               0.004951
                    104,                0.55722,                0.38816,                0.89337,                0.93791,                0.45212,                0.50601,                0.36557,                  1.338,                 2.8615,                 1.3687,              0.0049015,              0.0049015,              0.0049015
                    105,                 0.5459,                0.38197,                0.88002,                0.46447,                0.46154,                0.53061,                0.37792,                 1.4555,                 2.9092,                 1.4388,               0.004852,               0.004852,               0.004852
                    106,                 0.5442,                0.38715,                0.89153,                 0.4512,                 0.4742,                 0.5285,                0.36502,                 1.4652,                 2.6765,                 1.3761,              0.0048025,              0.0048025,              0.0048025
                    107,                0.53124,                0.38161,                0.87424,                0.93182,                0.47436,                0.55141,                0.38769,                 1.4064,                 2.8042,                 1.3957,               0.004753,               0.004753,               0.004753
                    108,                0.52351,                0.37174,                0.88146,                 0.7644,                0.47284,                0.59812,                0.43509,                 1.3568,                 2.4458,                 1.3668,              0.0047035,              0.0047035,              0.0047035
                    109,                 0.5271,                0.37116,                0.88091,                0.94329,                0.42308,                0.49384,                 0.3481,                 1.5781,                 2.9646,                 1.5103,               0.004654,               0.004654,               0.004654
                    110,                0.53751,                 0.3697,                0.88889,                0.93262,                0.42949,                0.50496,                0.34632,                 1.5513,                  3.001,                 1.4608,              0.0046045,              0.0046045,              0.0046045
                    111,                0.53542,                0.36965,                0.89148,                0.72023,                0.46248,                0.57833,                0.41751,                  1.308,                 2.4397,                 1.3271,               0.004555,               0.004555,               0.004555
                    112,                0.53035,                0.36447,                0.88581,                0.50723,                0.51753,                0.55619,                 0.3777,                 1.4066,                 2.4279,                 1.3859,              0.0045055,              0.0045055,              0.0045055
                    113,                0.51388,                0.35815,                0.87912,                0.58498,                0.52583,                 0.5457,                 0.3742,                 1.3905,                 2.2508,                 1.3776,               0.004456,               0.004456,               0.004456
                    114,                0.53152,                0.36551,                0.88103,                0.66322,                0.54393,                0.58254,                0.39132,                 1.3683,                 2.4407,                 1.4008,              0.0044065,              0.0044065,              0.0044065
                    115,                 0.4974,                0.34571,                0.87009,                0.70168,                0.51753,                0.59255,                0.41122,                 1.3832,                 2.5333,                 1.3908,               0.004357,               0.004357,               0.004357
                    116,                0.52047,                0.35139,                0.88447,                0.65703,                0.50745,                 0.5569,                0.38805,                 1.2761,                 2.5793,                 1.3017,              0.0043075,              0.0043075,              0.0043075
                    117,                0.52253,                0.36618,                0.87664,                 0.7869,                0.54836,                0.60095,                0.41796,                 1.3205,                  2.546,                 1.3402,               0.004258,               0.004258,               0.004258
                    118,                0.51425,                0.35747,                0.87571,                0.67297,                0.55147,                0.57987,                0.40841,                 1.3127,                 2.3768,                 1.3486,              0.0042085,              0.0042085,              0.0042085
                    119,                0.52695,                0.37033,                0.88565,                0.70252,                0.49464,                0.54598,                0.37425,                 1.4715,                 2.7365,                 1.4854,               0.004159,               0.004159,               0.004159
                    120,                0.51535,                0.36396,                0.87603,                0.81278,                0.53224,                0.63781,                0.44671,                 1.2921,                 2.2302,                 1.3433,              0.0041095,              0.0041095,              0.0041095
                    121,                0.50943,                0.35542,                0.88216,                0.70609,                0.57399,                0.65339,                0.46125,                 1.2296,                 2.0244,                 1.2966,                0.00406,                0.00406,                0.00406
                    122,                0.50509,                0.35453,                0.87692,                0.82348,                0.55977,                0.69171,                0.50631,                 1.2344,                 2.1974,                 1.2541,              0.0040105,              0.0040105,              0.0040105
                    123,                0.50169,                0.34872,                0.86896,                0.66861,                0.50895,                 0.5943,                0.42475,                 1.4007,                 2.4379,                 1.3301,               0.003961,               0.003961,               0.003961
                    124,                 0.5001,                0.34619,                 0.8695,                0.63222,                0.56344,                0.63867,                0.45064,                  1.245,                 2.0726,                 1.2522,              0.0039115,              0.0039115,              0.0039115
                    125,                0.50955,                0.34596,                0.87886,                0.65181,                0.58018,                0.65451,                0.44573,                  1.296,                 1.9342,                 1.3198,               0.003862,               0.003862,               0.003862
                    126,                 0.4932,                0.34833,                0.87194,                0.71897,                0.56344,                0.64437,                0.45614,                 1.2568,                 2.0258,                 1.2811,              0.0038125,              0.0038125,              0.0038125
                    127,                 0.4918,                0.34159,                0.86601,                0.72902,                0.56071,                0.63069,                  0.463,                  1.299,                 1.9374,                 1.3103,               0.003763,               0.003763,               0.003763
                    128,                0.49658,                0.34271,                0.87474,                0.71342,                0.57025,                0.64065,                0.46198,                  1.283,                 1.8511,                 1.2858,              0.0037135,              0.0037135,              0.0037135
                    129,                0.49777,                0.34416,                0.86997,                 0.7689,                0.54233,                0.63397,                0.45702,                  1.213,                 2.1426,                 1.2701,               0.003664,               0.003664,               0.003664
                    130,                0.49242,                0.34415,                0.86321,                0.79602,                0.51366,                0.58445,                0.41662,                  1.242,                 2.3227,                 1.2692,              0.0036145,              0.0036145,              0.0036145
                    131,                0.48877,                0.33862,                0.86814,                0.70993,                0.56165,                0.63134,                 0.4338,                 1.2796,                  2.089,                 1.3041,               0.003565,               0.003565,               0.003565
                    132,                 0.4946,                0.34418,                0.87003,                0.58662,                0.49001,                0.53533,                0.38114,                 1.3191,                 2.5584,                 1.3419,              0.0035155,              0.0035155,              0.0035155
                    133,                0.49931,                0.34434,                0.87208,                0.60414,                0.46616,                0.55391,                 0.3933,                 1.3146,                 2.7529,                 1.3265,               0.003466,               0.003466,               0.003466
                    134,                0.48028,                0.33463,                0.87075,                0.97285,                 0.4466,                0.53867,                0.36579,                 1.3892,                 2.7455,                 1.3545,              0.0034165,              0.0034165,              0.0034165
                    135,                0.48133,                 0.3336,                0.86041,                0.94633,                0.47982,                 0.5736,                0.40592,                 1.3146,                 2.5734,                 1.2914,               0.003367,               0.003367,               0.003367
                    136,                0.48361,                0.33762,                0.86128,                0.67789,                0.52881,                0.62164,                0.44378,                 1.2533,                 2.3396,                 1.2715,              0.0033175,              0.0033175,              0.0033175
                    137,                0.47981,                0.33767,                0.86701,                0.64327,                0.52856,                0.61414,                0.42767,                 1.2582,                   2.46,                 1.2824,               0.003268,               0.003268,               0.003268
                    138,                0.48281,                0.33068,                0.86895,                0.75242,                0.53497,                 0.6179,                0.41693,                 1.2912,                 2.3785,                 1.3026,              0.0032185,              0.0032185,              0.0032185
                    139,                0.47612,                0.33648,                0.86779,                0.73384,                0.53676,                 0.6224,                0.42818,                 1.2908,                 2.4208,                  1.294,               0.003169,               0.003169,               0.003169
                    140,                0.46937,                0.32647,                0.86095,                0.74985,                0.55678,                0.65217,                0.46367,                 1.2508,                 2.2592,                 1.2721,              0.0031195,              0.0031195,              0.0031195
                    141,                0.47336,                0.32792,                0.85808,                0.78482,                0.56236,                0.69571,                0.49696,                 1.1984,                 2.0568,                 1.2665,                0.00307,                0.00307,                0.00307
                    142,                0.48311,                0.33281,                0.86869,                0.81971,                0.59531,                0.68951,                0.52143,                 1.1831,                 1.9498,                 1.2549,              0.0030205,              0.0030205,              0.0030205
                    143,                0.47326,                0.32442,                0.87401,                0.83343,                0.58465,                0.68678,                  0.499,                    1.2,                 1.8954,                  1.266,               0.002971,               0.002971,               0.002971
                    144,                0.47905,                0.33313,                0.87575,                0.75921,                0.60388,                0.67788,                0.49604,                 1.2028,                 1.7716,                 1.2724,              0.0029215,              0.0029215,              0.0029215
                    145,                0.47647,                0.32397,                  0.861,                0.76324,                0.59153,                 0.6833,                0.49112,                 1.2125,                 1.9973,                 1.2644,               0.002872,               0.002872,               0.002872
                    146,                0.46556,                0.32767,                0.86693,                0.69925,                0.53329,                0.63954,                0.46571,                 1.2477,                  2.257,                 1.2762,              0.0028225,              0.0028225,              0.0028225
                    147,                0.47336,                0.32741,                0.86967,                0.67077,                0.52437,                0.61781,                0.45577,                 1.2323,                 2.2627,                 1.2969,               0.002773,               0.002773,               0.002773
                    148,                0.45797,                0.31766,                0.85504,                0.71695,                0.53171,                0.64533,                0.45152,                 1.3152,                 2.3095,                 1.3229,              0.0027235,              0.0027235,              0.0027235
                    149,                 0.4588,                0.32457,                0.85673,                0.77185,                0.58824,                0.65862,                0.48059,                 1.2097,                 1.9351,                  1.238,               0.002674,               0.002674,               0.002674
                    150,                0.44729,                 0.3119,                0.85165,                0.76312,                 0.5938,                0.66939,                0.48266,                  1.222,                 1.9254,                 1.2501,              0.0026245,              0.0026245,              0.0026245
                    151,                0.46897,                0.32625,                0.86306,                0.75472,                0.57646,                0.65286,                0.47456,                 1.2276,                 1.9904,                 1.2595,               0.002575,               0.002575,               0.002575
                    152,                0.46314,                0.31876,                0.86578,                0.76442,                  0.569,                0.63952,                0.46908,                 1.2371,                 1.9557,                 1.2665,              0.0025255,              0.0025255,              0.0025255
                    153,                0.45647,                0.32023,                 0.8631,                0.73251,                0.58098,                0.65264,                0.47484,                 1.1993,                 1.8393,                 1.2544,               0.002476,               0.002476,               0.002476
                    154,                0.45665,                0.31805,                0.85532,                0.75473,                0.53342,                0.64748,                0.47483,                 1.1979,                 2.1223,                 1.2485,              0.0024265,              0.0024265,              0.0024265
                    155,                0.44628,                0.31323,                0.85422,                0.76472,                0.57815,                0.66398,                0.47387,                 1.2144,                 2.1496,                 1.2557,               0.002377,               0.002377,               0.002377
                    156,                 0.4556,                0.32053,                 0.8581,                0.78854,                0.59675,                0.67944,                0.48992,                 1.1747,                 1.9223,                 1.2473,              0.0023275,              0.0023275,              0.0023275
                    157,                0.44368,                0.30933,                0.85401,                0.75723,                0.60758,                0.67997,                  0.486,                 1.2279,                 1.9702,                 1.2728,               0.002278,               0.002278,               0.002278
                    158,                0.45484,                0.31239,                0.85921,                0.71081,                0.59285,                0.67067,                0.49048,                 1.2309,                 1.9539,                 1.2883,              0.0022285,              0.0022285,              0.0022285
                    159,                0.44603,                0.31169,                  0.853,                0.73714,                0.59559,                0.66367,                0.49236,                 1.2021,                 1.9641,                 1.2472,               0.002179,               0.002179,               0.002179
                    160,                0.46467,                 0.3133,                0.87091,                0.71062,                0.56188,                0.68337,                0.48781,                 1.2354,                 2.0287,                 1.2658,              0.0021295,              0.0021295,              0.0021295
                    161,                0.45385,                  0.312,                0.86344,                0.69298,                0.60842,                0.67002,                0.48594,                 1.1876,                 1.8084,                 1.2407,                0.00208,                0.00208,                0.00208
                    162,                0.43734,                0.30559,                0.85905,                0.75511,                0.62783,                0.70078,                0.50093,                 1.1886,                 1.7403,                 1.2474,              0.0020305,              0.0020305,              0.0020305
                    163,                0.43964,                0.30758,                0.85653,                0.76293,                0.58739,                0.68693,                0.49404,                 1.2057,                 1.8376,                 1.2587,               0.001981,               0.001981,               0.001981
                    164,                0.43078,                0.30323,                0.85302,                0.68436,                0.54233,                0.65556,                0.48459,                 1.2366,                 2.0833,                 1.2857,              0.0019315,              0.0019315,              0.0019315
                    165,                0.44725,                0.30626,                0.85946,                0.71486,                0.54233,                0.64472,                0.45989,                 1.2688,                  2.135,                 1.2857,               0.001882,               0.001882,               0.001882
                    166,                0.43649,                0.30198,                0.85241,                0.77264,                0.60021,                0.70581,                0.50771,                 1.1945,                 1.8752,                 1.2427,              0.0018325,              0.0018325,              0.0018325
                    167,                0.43328,                0.30358,                0.85078,                0.80208,                  0.616,                0.69653,                0.49148,                 1.2054,                 1.8746,                 1.2442,               0.001783,               0.001783,               0.001783
                    168,                0.43027,                0.29538,                0.84624,                0.74914,                0.54695,                0.67073,                0.46111,                  1.236,                 2.0784,                  1.265,              0.0017335,              0.0017335,              0.0017335
                    169,                0.42355,                0.29329,                0.84492,                   0.77,                0.51443,                0.67044,                0.47436,                 1.2892,                 2.2039,                 1.2852,               0.001684,               0.001684,               0.001684
                    170,                0.42294,                0.29484,                0.85444,                 0.8001,                0.56259,                0.66766,                0.47429,                 1.2889,                 2.0485,                 1.2818,              0.0016345,              0.0016345,              0.0016345
                    171,                0.42519,                0.29108,                0.85004,                0.75424,                 0.5855,                0.67661,                0.48281,                 1.2218,                 1.9725,                 1.2314,               0.001585,               0.001585,               0.001585
                    172,                 0.4202,                0.28827,                0.85459,                0.75051,                0.58918,                0.66284,                 0.4753,                 1.2001,                 1.9976,                 1.2327,              0.0015355,              0.0015355,              0.0015355
                    173,                0.42023,                0.28983,                0.84882,                0.74395,                0.53318,                0.64499,                0.47299,                 1.2326,                 2.1697,                 1.2618,               0.001486,               0.001486,               0.001486
                    174,                0.42226,                0.29689,                0.85693,                0.71155,                0.52856,                 0.6213,                0.45287,                 1.2531,                  2.266,                 1.2517,              0.0014365,              0.0014365,              0.0014365
                    175,                0.42369,                0.29544,                0.85379,                0.74445,                0.56152,                0.63707,                0.46639,                  1.199,                 2.1005,                 1.2291,               0.001387,               0.001387,               0.001387
                    176,                0.41714,                0.29125,                0.84579,                0.73005,                0.56548,                 0.6406,                0.47402,                 1.2093,                 2.0489,                 1.2474,              0.0013375,              0.0013375,              0.0013375
                    177,                0.41426,                0.28947,                 0.8497,                0.76907,                 0.5536,                0.64987,                0.46395,                 1.2275,                 2.1357,                 1.2555,               0.001288,               0.001288,               0.001288
                    178,                   0.42,                0.28597,                0.85651,                 0.7745,                0.55946,                0.66238,                0.48674,                 1.2014,                 2.0987,                 1.2473,              0.0012385,              0.0012385,              0.0012385
                    179,                0.42414,                0.28723,                0.86607,                 0.7252,                0.55977,                0.65027,                0.47379,                   1.21,                 2.1367,                 1.2463,               0.001189,               0.001189,               0.001189
                    180,                0.41952,                0.28826,                0.85475,                  0.737,                0.54874,                 0.6373,                0.46572,                 1.2192,                 2.1595,                 1.2417,              0.0011395,              0.0011395,              0.0011395
                    181,                0.39669,                0.27509,                0.84404,                0.71426,                0.55016,                0.60525,                0.45472,                 1.2066,                 2.1288,                 1.2401,                0.00109,                0.00109,                0.00109
                    182,                0.40829,                0.28338,                0.85031,                0.63591,                0.53041,                0.60814,                0.45268,                  1.233,                 2.2811,                 1.2516,              0.0010405,              0.0010405,              0.0010405
                    183,                0.40549,                0.28063,                0.84222,                0.67496,                0.54779,                0.59982,                0.44092,                 1.2328,                 2.3346,                 1.2598,               0.000991,               0.000991,               0.000991
                    184,                0.40457,                0.28131,                0.85294,                0.70837,                 0.5625,                0.60686,                0.42668,                 1.2247,                   2.26,                 1.2606,              0.0009415,              0.0009415,              0.0009415
                    185,                0.40695,                 0.2844,                0.85088,                0.67015,                0.53497,                 0.6281,                0.46263,                 1.1791,                 2.1677,                 1.2366,               0.000892,               0.000892,               0.000892
                    186,                0.41188,                 0.2843,                0.84533,                0.72162,                0.52506,                0.65089,                0.47629,                 1.1868,                 2.2177,                 1.2408,              0.0008425,              0.0008425,              0.0008425
                    187,                0.40715,                  0.282,                0.85391,                0.69926,                0.53865,                0.64222,                0.47643,                 1.1819,                 2.1829,                 1.2455,               0.000793,               0.000793,               0.000793
                    188,                0.39944,                0.28064,                 0.8431,                0.72384,                0.54874,                0.65366,                0.48046,                 1.1793,                 2.1418,                  1.248,              0.0007435,              0.0007435,              0.0007435
                    189,                0.40061,                0.28063,                 0.8422,                0.73418,                0.53757,                0.64749,                0.47751,                 1.1843,                 2.2013,                 1.2451,               0.000694,               0.000694,               0.000694
                    190,                0.39045,                0.27653,                0.83696,                0.73875,                0.51753,                0.64968,                0.47424,                 1.1845,                 2.2195,                 1.2446,              0.0006445,              0.0006445,              0.0006445
                    191,                0.39645,                0.27091,                0.85443,                0.77928,                0.52394,                0.65834,                0.48366,                 1.1904,                 2.1806,                 1.2416,               0.000595,               0.000595,               0.000595
                    192,                0.41455,                0.28645,                0.84956,                0.75984,                0.53434,                0.66706,                0.49245,                   1.19,                 2.1936,                  1.231,              0.0005455,              0.0005455,              0.0005455
